﻿Civilité,Prenom,Nom,Societe,Site,Departement,Service,fonction,Manager-Prenom,Manager-Nom,Nom de PC,Date de naissance,Telephone fixe,Telephone portable
M.,Adil,Abbassi,EcoTechSolutions,Bordeaux,Direction des Ressources Humaines,Formation,Formateur,Kais,Novak,PA66782,12-24-96,575320119,751539352
M.,Dina,Abdeslam,EcoTechSolutions,Bordeaux,Développement,Développement fronted,Développeur,Hugo,Dimitrov,PA69117,03-19-85,582076804,754379992
Mme,Nora,Abe,EcoTechSolutions,Bordeaux,Finance et Comptabilité,Finance,Analyste financier,Liam,Rodriguez,PA68870,11-05-92,542264569,629515805
Mme,Sakura,Abe,EcoTechSolutions,Bordeaux,Développement,Développement backend,Développeur,Hugo,Dimitrov,PA69048,07-29-81,580539339,690350755
M.,Zakariya,Aït-Saïd,EcoTechSolutions,Bordeaux,Service Commercial,Gestion des comptes,Account Manager Est,Ayoub,Ochoa,PA90183,12-17-95,533423039,705781575
M.,Ali,Al-Khalil,EcoTechSolutions,Bordeaux,Communication,Relation Médias,Chargée relation presse,Amaya,Gomez,PA68388,08-10-99,504643002,754169972
M.,Sami,Al-Khalil,EcoTechSolutions,Bordeaux,Service Commercial,B2B,Commercial,Ayoub,Ochoa,PA90177,04-29-99,549018694,730998954
Mme,Ali,Ali,EcoTechSolutions,Bordeaux,Développement,Développement fronted,Développeur,Hugo,Dimitrov,PA69085,03-08-85,554456171,609964479
M.,Alicia,Amrane,EcoTechSolutions,Bordeaux,Développement,Développement fronted,Développeur,Hugo,Dimitrov,PA69113,02-14-02,580601146,763449946
M.,Bilal,Amrani,EcoTechSolutions,Bordeaux,Développement,Développement mobile,Développeur,Hugo,Dimitrov,PA69123,07-28-80,568072545,731463548
Mme,Soraya,Amrani,EcoTechSolutions,Bordeaux,Développement,Développement fronted,Développeur,Hugo,Dimitrov,PA69069,12-21-95,571283181,629056832
Mme,Elif,Andersen,EcoTechSolutions,Bordeaux,Finance et Comptabilité,Fiscalité,Conseiller en fiscalité,Liam,Rodriguez,PA31320,08-21-01,552752241,689516690
Mme,Zahra,Andersen,EcoTechSolutions,Bordeaux,Communication,Relation Médias,Rédacteur,Amaya,Gomez,PA68414,08-22-01,565675635,690181131
M.,Khaled,Andersson,EcoTechSolutions,Bordeaux,Développement,Développement fronted,Développeur,Hugo,Dimitrov,PA69092,07-25-95,587301516,685540382
M.,Hedi,Azzouz,EcoTechSolutions,Bordeaux,Communication,Relation Médias,Rédacteur,Amaya,Gomez,PA68411,10-19-82,580541143,734964449
M.,Adel,Bakir,EcoTechSolutions,Bordeaux,Direction,,Directeur adjoint,Emir,Rizzo,PA75795,02-08-95,511787046,627613053
M.,Khaled,Bakir,EcoTechSolutions,Bordeaux,Développement,Développement backend,Développeur,Hugo,Dimitrov,PA69051,10-26-91,521722982,742457942
Mme,Layla,Bakir,EcoTechSolutions,Bordeaux,Développement,Analyse et conception,Développeur,Hugo,Dimitrov,PA90615,07-26-84,506817361,613117291
M.,Malik,Belhadj,EcoTechSolutions,Bordeaux,Direction des Ressources Humaines,Recrutement,Agent RH,Soraya,Kimura,PA20619,09-22-95,594297686,621352100
M.,Yasmine,Belmokhtar,EcoTechSolutions,Bordeaux,Développement,Développement fronted,Développeur,Hugo,Dimitrov,PA69109,05-23-83,538262259,627492218
M.,Raouf,Ben Amar,EcoTechSolutions,Bordeaux,Développement,Analyse et conception,Développeur,Hugo,Dimitrov,PA90618,04-13-83,580255055,736820615
M.,Tahar,Ben Saïd,EcoTechSolutions,Bordeaux,Développement,Développement fronted,Développeur,Hugo,Dimitrov,PA69074,10-01-89,508461288,757567403
M.,Farid,Ben Salah,EcoTechSolutions,Bordeaux,DSI,Exploitation,Technicien d'exploitation,Yara,Tsai,PA85786,06-28-83,516225557,746775406
M.,Yassine,Ben Salah,EcoTechSolutions,Bordeaux,Communication,,Responsable communication,Wassim,Ibrahimovic,PA68394,12-03-93,536800870,619768244
M.,Tahar,Ben Youssef,EcoTechSolutions,Bordeaux,Communication,Relation Médias,Chargée relation presse,Amaya,Gomez,PA68386,07-25-94,503446393,775310960
M.,Zakaria,Ben Youssef,EcoTechSolutions,Bordeaux,Direction des Ressources Humaines,Administration du personnel,Agent RH,Soraya,Kimura,PA66774,12-10-01,582915286,678031519
M.,Houssem,Benali,EcoTechSolutions,Bordeaux,Direction des Ressources Humaines,Formation,Formateur,Kais,Novak,PA66781,07-11-86,512799110,707038865
M.,Celia,Benguigui,EcoTechSolutions,Bordeaux,Développement,Développement fronted,Développeur,Hugo,Dimitrov,PA69119,01-23-83,514744893,633513427
M.,Mateo,Benitez,EcoTechSolutions,Bordeaux,Développement,Développement fronted,Développeur,Hugo,Dimitrov,PA69102,06-23-90,507023351,747678849
M.,Fouad,Bensalem,EcoTechSolutions,Bordeaux,Service Commercial,Gestion des comptes,Account Manager Monde,Ayoub,Ochoa,PA90187,06-17-95,508916093,609530569
Mme,Indira,Benzema,EcoTechSolutions,Bordeaux,Communication,Communication externe,Attaché de presse,Yassine,Ben Salah,PA68402,10-24-98,518483082,716843840
M.,Kaïs,Benzema,EcoTechSolutions,Bordeaux,Direction des Ressources Humaines,Administration du personnel,Gestionnaire RH,Soraya,Kimura,PA66768,10-21-92,540844892,677725372
Mme,Layla,Benzema,EcoTechSolutions,Bordeaux,Direction des Ressources Humaines,Formation,Formateur,Kais,Novak,PA66778,03-12-87,556135451,651152927
M.,Tobias,Berisha,EcoTechSolutions,Bordeaux,Développement,Développement fronted,Développeur,Hugo,Dimitrov,PA69063,03-23-86,557140797,647122370
M.,Youssef,Berisha,EcoTechSolutions,Bordeaux,Service Commercial,,Responsable Prospection,Lana,Wong,PA79818,05-07-80,550972202,606969819
Mme,Salma,Bianchi,EcoTechSolutions,Bordeaux,Direction des Ressources Humaines,Recrutement,Responsable recrutement,Soraya,Kimura,PA20618,12-26-80,572612616,739924357
Mme,Yara,Bianchi,EcoTechSolutions,Bordeaux,Développement,Développement fronted,Développeur,Hugo,Dimitrov,PA69105,02-04-84,534719974,650967336
M.,Tayeb,Boucenna,EcoTechSolutions,Bordeaux,Communication,Communication externe,Chargé de communication,Yassine,Ben Salah,PA68409,04-12-97,530790436,713430879
M.,Selim,Boukhalfa,EcoTechSolutions,Bordeaux,Service Commercial,Gestion des comptes,Account Manager Monde,Ayoub,Ochoa,PA90189,04-11-89,552256735,614423881
Mme,Mira,Boukhris,EcoTechSolutions,Bordeaux,Développement,Développement fronted,Développeur,Hugo,Dimitrov,PA69101,01-14-81,572287760,784984812
M.,Amir,Boussaid,EcoTechSolutions,Bordeaux,Communication,Communication externe,Attaché de presse,Yassine,Ben Salah,PA68403,01-09-86,502733363,617097066
M.,Lina,Bouziane,EcoTechSolutions,Bordeaux,Développement,Développement fronted,Développeur,Hugo,Dimitrov,PA69111,07-04-91,549958039,619738848
M.,Arvid,Carvalho,EcoTechSolutions,Bordeaux,Développement,Développement backend,Développeur,Hugo,Dimitrov,PA69053,11-19-92,558547096,722934589
M.,Houssem,Carvalho,EcoTechSolutions,Bordeaux,Service Commercial,B2B,Commercial,Ayoub,Ochoa,PA90179,01-25-85,563881444,634420250
M.,Idriss,Cherif,EcoTechSolutions,Bordeaux,Service Commercial,B2B,Commercial,Ayoub,Ochoa,PA90181,08-26-88,520113372,629709697
M.,Yassir,Chettouh,EcoTechSolutions,Bordeaux,Communication,Relation Médias,Rédacteur,Amaya,Gomez,PA68413,11-22-21,530881211,718630944
Mme,Oualid,Correia,EcoTechSolutions,Bordeaux,Développement,Développement fronted,Développeur,Hugo,Dimitrov,PA69114,08-06-79,512070245,694895404
Mme,Elisa,Costa,EcoTechSolutions,Bordeaux,Communication,Communication externe,Chargé de communication,Yassine,Ben Salah,PA68406,02-01-99,557284079,756367380
Mme,Tara,Costa,EcoTechSolutions,Bordeaux,Finance et Comptabilité,Service Comptabilité,Comptable,Liam,Rodriguez,PA56314,06-13-95,539056813,739772240
Mme,Lucie,Da Silva,EcoTechSolutions,Bordeaux,Communication,Communication externe,Attaché de presse,Yassine,Ben Salah,PA68404,02-24-82,565888769,642725379
M.,Mateo,Dahl,EcoTechSolutions,Bordeaux,Développement,Développement fronted,Développeur,Hugo,Dimitrov,PA69065,12-05-85,568230327,789022918
Mme,Zahra,Dahl,EcoTechSolutions,Bordeaux,Développement,Développement fronted,Développeur,Hugo,Dimitrov,PA69075,08-08-90,565902651,640404230
Mme,Célia,De la Cruz,EcoTechSolutions,Bordeaux,Développement,Recherche et Prototype,Développeur,Hugo,Dimitrov,PA82473,12-07-89,568628611,608209508
Mme,Tina,Demir,EcoTechSolutions,Bordeaux,Service Commercial,ADV,Gestionnaire ADV,Amir,Gómez,PA64810,01-07-81,587654321,621673896
Mme,Fares,Dias,EcoTechSolutions,Bordeaux,Développement,Développement fronted,Développeur,Hugo,Dimitrov,PA69116,11-28-90,596996174,710081240
M.,Hugo,Dimitrov,EcoTechSolutions,Bordeaux,Développement,,Directeur Développement,Emir,Rizzo,PA93655,03-28-85,534265628,708540550
Mme,Olga,Dimitrova,EcoTechSolutions,Bordeaux,Service Commercial,Prospection,Commercial,Youssef,Berisha,PA90199,03-03-02,539874714,721677265
Mme,Nina,Dobrev,EcoTechSolutions,Bordeaux,Communication,Événementiel,Chef de projet événement,Amaya,Gomez,PA68393,10-09-02,500483037,717402561
Mme,Priya,Dobrev,EcoTechSolutions,Bordeaux,Direction des Ressources Humaines,Administration du personnel,Agent RH,Soraya,Kimura,PA66773,02-28-82,550011176,686104109
Mme,Cleo,Dupont,EcoTechSolutions,Bordeaux,Communication,Communication interne,Community manager,Yassine,Ben Salah,PA19149,05-14-89,556789012,736672209
Mme,Chiara,Dupuis,EcoTechSolutions,Bordeaux,Direction des Ressources Humaines,Formation,Formateur,Kais,Novak,PA66780,11-22-82,503588319,765413509
Mme,Aria,Ekström,EcoTechSolutions,Bordeaux,Service Commercial,ADV,Gestionnaire ADV,Amir,Gómez,PA46917,05-25-98,540987654,739063477
Mme,Lamia,El-Ghazali,EcoTechSolutions,Bordeaux,Développement,Développement fronted,Développeur,Hugo,Dimitrov,PA69060,06-07-78,530774125,762396379
M.,Mateo,El-Ghazali,EcoTechSolutions,Bordeaux,Développement,Analyse et conception,Développeur,Hugo,Dimitrov,PA90616,07-29-80,561840744,790774458
M.,Brahim,El-Mahdi,EcoTechSolutions,Bordeaux,Communication,Communication externe,Chargé de communication,Yassine,Ben Salah,PA68407,10-08-86,564793027,604939773
Mme,Adem,Farid,EcoTechSolutions,Bordeaux,Développement,Développement fronted,Développeur,Hugo,Dimitrov,PA69079,03-24-88,576975329,653187858
M.,Karim,Farouk,EcoTechSolutions,Bordeaux,Direction des Ressources Humaines,Administration du personnel,Gestionnaire RH,Soraya,Kimura,PA66772,12-16-99,573296069,685096131
M.,Rami,Farouk,EcoTechSolutions,Bordeaux,Communication,Événementiel,Chef de projet événement,Amaya,Gomez,PA68392,10-26-01,553708065,796090098
M.,Walid,Fernandez,EcoTechSolutions,Bordeaux,Développement,Développement fronted,Développeur,Hugo,Dimitrov,PA69106,04-25-94,582808968,621447826
Mme,Zara,Fernandez,UBIHard,Paris,Développement,Tests et qualité,Développeur,Hugo,Dimitrov,-,06-04-02,115149120,761849173
Mme,Mehdi,Ferreira,EcoTechSolutions,Bordeaux,Développement,Développement fronted,Développeur,Hugo,Dimitrov,PA69118,12-29-96,572806093,788340303
Mme,Akiko,Fischer,EcoTechSolutions,Bordeaux,Finance et Comptabilité,Finance,Controleur de gestion,Liam,Rodriguez,PA68868,06-04-95,544775759,699366267
M.,Alexis,Fischer,EcoTechSolutions,Bordeaux,Finance et Comptabilité,Finance,Controleur de gestion,Liam,Rodriguez,PA57512,10-21-88,565445166,601851451
Mme,Chiara,Fischer,EcoTechSolutions,Bordeaux,Développement,Développement backend,Développeur,Hugo,Dimitrov,PA69038,11-18-87,577873195,772910626
Mme,Isidora,Fontaine,EcoTechSolutions,Bordeaux,Communication,Relation Médias,Rédacteur,Amaya,Gomez,PA68412,10-08-98,582677934,709554542
Mme,Nassim,Fuentes,EcoTechSolutions,Bordeaux,Développement,Recherche et Prototype,Développeur,Hugo,Dimitrov,PA82475,11-04-92,557923820,732309361
M.,Anika,Garcia,EcoTechSolutions,Bordeaux,Développement,Développement fronted,Développeur,Hugo,Dimitrov,PA69084,09-27-91,557736529,625067389
M.,Boris,Garcia,EcoTechSolutions,Bordeaux,Communication,Communication interne,Community manager,Yassine,Ben Salah,PA11094,01-01-91,576543210,710630503
Mme,Amaya,Gomez,EcoTechSolutions,Bordeaux,Communication,,Responsable Médias,Wassim,Ibrahimovic,PA68397,04-26-82,582138883,767925899
M.,Zayd,Gomez,EcoTechSolutions,Bordeaux,Développement,Développement mobile,Développeur,Hugo,Dimitrov,PA69125,04-21-89,505689902,752842080
M.,Amir,Gómez,EcoTechSolutions,Bordeaux,Service Commercial,,Responsable ADV,Lana,Wong,PA16564,07-21-80,512345678,697336293
Mme,Alba,Gonzalez,EcoTechSolutions,Bordeaux,Service Commercial,B2B,Commercial,Ayoub,Ochoa,PA90180,09-23-94,510208105,724597846
Mme,Fatima,Gonzalez,EcoTechSolutions,Bordeaux,Développement,Analyse et conception,Développeur,Hugo,Dimitrov,PA90617,08-25-95,550030374,622571017
Mme,Zahra,Gonzalez,EcoTechSolutions,Bordeaux,Développement,Développement fronted,Développeur,Hugo,Dimitrov,PA69064,11-04-88,526530588,724960703
M.,Bilel,Guedj,EcoTechSolutions,Bordeaux,Développement,Recherche et Prototype,Développeur,Hugo,Dimitrov,PA82477,04-01-88,544863210,625139164
Mme,Yassine,Habib,EcoTechSolutions,Bordeaux,Développement,Développement fronted,Développeur,Hugo,Dimitrov,PA69081,10-05-02,521987889,666153553
M.,Adem,Habibi,EcoTechSolutions,Bordeaux,Développement,Développement mobile,Développeur,Hugo,Dimitrov,PA69121,04-30-90,506262528,695566507
M.,Amine,Habibi,EcoTechSolutions,Bordeaux,Développement,Recherche et Prototype,Développeur,Hugo,Dimitrov,PA82472,03-27-00,591658667,724996980
M.,Elias,Habibi,EcoTechSolutions,Bordeaux,Développement,Développement fronted,Développeur,Hugo,Dimitrov,PA69076,02-04-79,518440753,743528471
Mme,Célia,Hamadi,EcoTechSolutions,Bordeaux,Service Commercial,Prospection,Commercial,Youssef,Berisha,PA90192,01-28-95,513678895,705824555
Mme,Sana,Hamadi,EcoTechSolutions,Bordeaux,Développement,Développement fronted,Développeur,Hugo,Dimitrov,PA69066,10-16-89,598620984,719615638
M.,Rayane,Hamrouni,EcoTechSolutions,Bordeaux,Communication,Communication externe,Chargé de communication,Yassine,Ben Salah,PA68405,04-15-01,543237396,657675917
M.,Kamel,Hamzaoui,EcoTechSolutions,Bordeaux,Développement,Recherche et Prototype,Développeur,Hugo,Dimitrov,PA82479,07-29-81,589749259,708246187
M.,Bilal,Hassan,EcoTechSolutions,Bordeaux,Développement,Développement fronted,Développeur,Hugo,Dimitrov,PA69090,09-07-96,574527610,621785748
Mme,Gita,Hassania,EcoTechSolutions,Bordeaux,Service Commercial,B2B,Commercial,Ayoub,Ochoa,PA82880,08-18-91,534567890,655939808
M.,Sakura,Hernandez,EcoTechSolutions,Bordeaux,Communication,Gestion des réseaux sociaux,Social media manager,Amaya,Gomez,PA68399,04-08-91,525993955,747444472
M.,Val,Hernandez,EcoTechSolutions,Bordeaux,Service Commercial,Service Client,Agent,Enzo,Morin,PA39395,03-21-94,533085107,747298724
Mme,Petra,Hoàng,EcoTechSolutions,Bordeaux,Développement,Développement backend,Développeur,Hugo,Dimitrov,PA90620,12-04-91,559691031,657598646
M.,Wassim,Ibrahimovic,EcoTechSolutions,Bordeaux,Communication,,Directeur Communication et Relations publiques,Emir,Rizzo,PA68385,11-14-94,567890123,628752957
Mme,Aya,Ishikawa,EcoTechSolutions,Bordeaux,Développement,Développement backend,Développeur,Hugo,Dimitrov,PA69044,02-28-91,535628667,751583887
Mme,Isadora,Ishikawa,EcoTechSolutions,Bordeaux,Direction,,Responsable stratégie,Emir,Rizzo,PA75796,10-20-01,546287589,796605753
Mme,Carmen,Ivanov,EcoTechSolutions,Bordeaux,Développement,Analyse et conception,Développeur,Hugo,Dimitrov,PA90613,02-25-91,589104085,676794851
Mme,Dahlia,Ivanov,EcoTechSolutions,Bordeaux,Finance et Comptabilité,Service Comptabilité,Comptable,Liam,Rodriguez,PA68449,09-11-94,509385561,692850242
Mme,Naomi,Ivanov,EcoTechSolutions,Bordeaux,Développement,Développement backend,Développeur,Hugo,Dimitrov,PA69052,07-15-02,577653988,757149969
M.,Sofiane,Jaziri,EcoTechSolutions,Bordeaux,Service Commercial,Prospection,Commercial,Youssef,Berisha,PA90200,12-29-91,516613916,620852808
M.,David,Johansson,EcoTechSolutions,Bordeaux,Service Commercial,ADV,Gestionnaire ADV,Amir,Gómez,PA16353,03-23-00,512345678,763236659
M.,Leo,Karam,EcoTechSolutions,Bordeaux,Développement,Développement backend,Développeur,Hugo,Dimitrov,PA69041,05-29-01,545885392,776883926
M.,Tariq,Karam,EcoTechSolutions,Bordeaux,Finance et Comptabilité,Service Comptabilité,Comptable,Liam,Rodriguez,PA68450,11-17-89,542877605,752086648
M.,Gôrreck,Khan,EcoTechSolutions,Bordeaux,Service Commercial,B2B,Commercial,Ayoub,Ochoa,PA90176,02-23-87,510987654,799413599
M.,Dario,Kim,EcoTechSolutions,Bordeaux,Finance et Comptabilité,Finance,Analyste financier,Liam,Rodriguez,PA34551,04-12-97,552308696,623126253
Mme,Soraya,Kimura,EcoTechSolutions,Bordeaux,Direction des Ressources Humaines,,Responsable du personnel,Rina,Nakamura,PA66776,02-18-99,592787328,625405176
Mme,Gisèle,Klein,EcoTechSolutions,Bordeaux,Service Commercial,Gestion des comptes,Account Manager IDF,Ayoub,Ochoa,PA90186,02-08-95,583375939,637894461
Mme,Layla,Klein,EcoTechSolutions,Bordeaux,Développement,Développement mobile,Développeur,Hugo,Dimitrov,PA69122,04-04-01,506604600,711534321
Mme,Greta,Kobayashi,EcoTechSolutions,Bordeaux,Communication,Événementiel,Chef de projet événement,Amaya,Gomez,PA68389,05-28-00,551444034,604125070
Mme,Yumi,Kobayashi,EcoTechSolutions,Bordeaux,DSI,Exploitation,Technicien d'exploitation,Yara,Tsai,PA85787,08-08-80,501455119,793589664
Mme,Farah,Kowalski,EcoTechSolutions,Bordeaux,Communication,Relation Médias,Chargée relation presse,Amaya,Gomez,PA99009,11-16-94,587654321,643567057
M.,Nassim,Kowalski,EcoTechSolutions,Bordeaux,Communication,Gestion des réseaux sociaux,Social media manager,Amaya,Gomez,PA68398,03-28-03,520767555,732866706
M.,Raouf,Kowalski,EcoTechSolutions,Bordeaux,Développement,Développement fronted,Développeur,Hugo,Dimitrov,PA69061,03-06-93,509940486,701363943
Mme,Sasha,Kumar,EcoTechSolutions,Bordeaux,Service Commercial,Service Client,Agent,Enzo,Morin,PA79817,08-24-83,552451804,628125914
Mme,Greta,Lam,EcoTechSolutions,Bordeaux,Développement,Développement fronted,Développeur,Hugo,Dimitrov,PA69097,08-29-95,528239297,796314157
Mme,Mira,Larsen,EcoTechSolutions,Bordeaux,Développement,Développement mobile,Développeur,Hugo,Dimitrov,PA69124,04-27-81,515530998,776425617
M.,Naomi,Larsen,EcoTechSolutions,Bordeaux,Développement,Recherche et Prototype,Développeur,Hugo,Dimitrov,PA82474,06-21-90,555844987,670768275
M.,Marwan,Leclerc,EcoTechSolutions,Bordeaux,DSI,Exploitation,Technicien d'exploitation,Yara,Tsai,PA21577,06-23-00,568494478,681633586
M.,Elias,Lemoine,EcoTechSolutions,Bordeaux,Développement,Développement backend,Développeur,Hugo,Dimitrov,PA69045,03-09-79,550396977,725010100
M.,Ismael,Lemoine,EcoTechSolutions,Bordeaux,DSI,Exploitation,Technicien d'exploitation,Yara,Tsai,PA85788,03-01-94,584729052,631737551
M.,Amine,Levi,EcoTechSolutions,Bordeaux,Direction,,Assistant de direction,Adel,Bakir,PA75794,07-31-86,526973126,677087041
M.,Kais,Levi,EcoTechSolutions,Bordeaux,Service Commercial,Prospection,Commercial,Youssef,Berisha,PA90193,10-20-00,512674108,673103843
Mme,Jana,Liu,EcoTechSolutions,Bordeaux,Direction des Ressources Humaines,Administration du personnel,Agent RH,Soraya,Kimura,PA31784,10-31-90,573146845,714509230
Mme,Sofia,Lombardi,EcoTechSolutions,Bordeaux,Service Commercial,Gestion des comptes,Account Manager Nord,Ayoub,Ochoa,PA90182,12-05-97,561846179,605815816
Mme,Mia,Lopez,EcoTechSolutions,Bordeaux,Développement,Développement backend,Développeur,Hugo,Dimitrov,PA69037,06-18-96,528995123,743204742
Mme,Nael,Marquez,EcoTechSolutions,Bordeaux,Développement,Développement fronted,Développeur,Hugo,Dimitrov,PA69112,10-19-01,565680229,743702406
Mme,Marina,Martinez,EcoTechSolutions,Bordeaux,Service Commercial,Prospection,Commercial,Youssef,Berisha,PA90201,02-28-02,588754164,618221826
Mme,Lina,Matsuda,EcoTechSolutions,Bordeaux,Développement,Développement fronted,Développeur,Hugo,Dimitrov,PA69103,04-12-00,541131306,790062786
Mme,Mira,Matsuda,EcoTechSolutions,Bordeaux,Développement,Développement fronted,Développeur,Hugo,Dimitrov,PA69077,10-31-80,527143617,780901290
M.,Nassim,Matsuda,EcoTechSolutions,Bordeaux,Développement,Développement fronted,Développeur,Hugo,Dimitrov,PA69067,04-22-95,530355920,689043287
M.,Nizar,Matsuda,EcoTechSolutions,Bordeaux,Développement,Développement fronted,Développeur,Hugo,Dimitrov,PA69070,05-29-86,558621640,758767120
M.,Rami,Meier,EcoTechSolutions,Bordeaux,Service Commercial,B2B,Commercial,Ayoub,Ochoa,PA44614,12-14-98,510987654,703432899
M.,Jawad,Mekki,EcoTechSolutions,Bordeaux,Service Commercial,Gestion des comptes,Account Manager Ouest,Ayoub,Ochoa,PA90185,10-22-93,554680160,742750565
Mme,Amina,Mendoza,EcoTechSolutions,Bordeaux,Développement,Développement backend,Développeur,Hugo,Dimitrov,PA69050,07-02-84,514839525,676001123
M.,Bilal,Mendoza,EcoTechSolutions,Bordeaux,Finance et Comptabilité,Finance,Controleur de gestion,Liam,Rodriguez,PA68869,07-07-80,522682861,766790688
M.,Kenzo,Mendoza,EcoTechSolutions,Bordeaux,Développement,Recherche et Prototype,Développeur,Hugo,Dimitrov,PA82476,07-05-87,542110363,708892353
Mme,Hichem,Meunier,EcoTechSolutions,Bordeaux,Développement,Développement fronted,Développeur,Hugo,Dimitrov,PA69110,03-06-99,517693166,670136453
M.,Mounir,Mohamed,EcoTechSolutions,Bordeaux,Finance et Comptabilité,Finance,Controleur de gestion,Liam,Rodriguez,PA68871,07-02-86,513232544,603358884
Mme,Salma,Mohamed,EcoTechSolutions,Bordeaux,Développement,Développement backend,Développeur,Hugo,Dimitrov,PA69054,07-14-79,587397053,691250889
Mme,Elina,Morales,EcoTechSolutions,Bordeaux,Direction des Ressources Humaines,Gestion des carrières,Gestionnaire RH,Soraya,Kimura,PA66785,03-13-98,528666160,708351179
Mme,Anika,Morel,EcoTechSolutions,Bordeaux,Développement,Développement backend,Développeur,Hugo,Dimitrov,PA69040,08-09-95,597150436,708753874
Mme,Lucia,Morel,EcoTechSolutions,Bordeaux,DSI,Exploitation,Technicien d'exploitation,Yara,Tsai,PA85791,11-20-89,568154898,788663439
M.,Rami,Moreno,EcoTechSolutions,Bordeaux,Développement,Développement fronted,Développeur,Hugo,Dimitrov,PA69088,11-16-96,594159983,671278069
Mme,Soraya,Moreno,EcoTechSolutions,Bordeaux,Direction des Ressources Humaines,Administration du personnel,Gestionnaire RH,Soraya,Kimura,PA66769,11-28-86,590371530,648800103
Mme,Anaya,Moretti,EcoTechSolutions,Bordeaux,Direction des Ressources Humaines,Recrutement,Agent RH,Soraya,Kimura,PA20620,12-31-90,501077762,732279654
M.,Enzo,Morin,EcoTechSolutions,Bordeaux,Service Commercial,,Responsable achat,Lana,Wong,PA19149,01-15-96,503707487,697789045
M.,Diego,Müller,UBIHard,Paris,Développement,Tests et qualité,Développeur,Hugo,Dimitrov,-,03-17-94,170585358,684459459
Mme,Helda,Müller,EcoTechSolutions,Bordeaux,Développement,Développement fronted,Développeur,Hugo,Dimitrov,PA69120,08-01-80,519598682,636157491
Mme,Mila,Müller,EcoTechSolutions,Bordeaux,Développement,Développement fronted,Développeur,Hugo,Dimitrov,PA69095,06-12-90,546070425,728641211
Mme,Lina,Nakamura,EcoTechSolutions,Bordeaux,Développement,Développement fronted,Développeur,Hugo,Dimitrov,PA69058,12-10-81,569517636,709286381
Mme,Rina,Nakamura,EcoTechSolutions,Bordeaux,Direction des Ressources Humaines,,Directrice RH,Emir,Rizzo,PA66771,05-29-99,556938175,730315116
M.,Walid,Ndiaye,EcoTechSolutions,Bordeaux,Développement,Développement backend,Développeur,Hugo,Dimitrov,PA69047,07-10-83,539345838,675345464
M.,Felix,Nguyen,EcoTechSolutions,Bordeaux,Communication,Communication interne,Chargé en droit de la communication,Yassine,Ben Salah,PA88356,03-11-82,512345678,747070420
M.,Mei,Nguyen,EcoTechSolutions,Bordeaux,Développement,Développement fronted,Développeur,Hugo,Dimitrov,PA69082,12-24-02,552286371,793444747
M.,Marco,Nikolić,EcoTechSolutions,Bordeaux,Service Commercial,ADV,Gestionnaire ADV,Amir,Gómez,PA37602,04-20-83,576543210,606722898
M.,Kais,Novak,EcoTechSolutions,Bordeaux,Direction des Ressources Humaines,,Responsable formation,Rina,Nakamura,PA66777,05-30-84,534680782,771598712
Mme,Mira,Novak,EcoTechSolutions,Bordeaux,Développement,Recherche et Prototype,Développeur,Hugo,Dimitrov,PA82478,07-01-88,500846696,764270295
Mme,Lucia,O'Brien,EcoTechSolutions,Bordeaux,Développement,Développement fronted,Développeur,Hugo,Dimitrov,PA69093,08-22-90,552786882,660340794
M.,Rami,O'Connor,EcoTechSolutions,Bordeaux,Développement,Développement fronted,Développeur,Hugo,Dimitrov,PA69100,11-27-92,579648487,679195229
M.,Ayoub,Ochoa,EcoTechSolutions,Bordeaux,Service Commercial,,Responsable commercial,Lana,Wong,PA79819,11-16-99,551977067,768264631
M.,Omar,Ochoa,EcoTechSolutions,Bordeaux,Développement,Développement fronted,Développeur,Hugo,Dimitrov,PA69057,02-18-83,543731838,639090866
Mme,Luna,Oliveira,EcoTechSolutions,Bordeaux,Communication,Communication externe,Chargé de communication,Yassine,Ben Salah,PA68408,11-02-00,552336590,717351849
Mme,Aya,Orozco,EcoTechSolutions,Bordeaux,Service Commercial,Service achat,Acheteur,Enzo,Morin,PA59874,05-04-91,585851944,727746321
M.,Amine,Öztürk,EcoTechSolutions,Bordeaux,Développement,Développement fronted,Développeur,Hugo,Dimitrov,PA69072,02-06-93,593794103,604733805
Mme,Elina,Öztürk,EcoTechSolutions,Bordeaux,Direction des Ressources Humaines,Administration du personnel,Gestionnaire RH,Soraya,Kimura,PA66767,05-05-95,571932738,704830876
Mme,Aya,Papadopoulos,EcoTechSolutions,Bordeaux,Développement,Développement fronted,Développeur,Hugo,Dimitrov,PA69099,09-16-90,568981940,667747390
M.,Nikos,Papadopoulos,UBIHard,Paris,Développement,Tests et qualité,Développeur,Hugo,Dimitrov,-,03-03-92,103205978,752656608
M.,Keiko,Patel,EcoTechSolutions,Bordeaux,Développement,Développement fronted,Développeur,Hugo,Dimitrov,PA69078,12-12-89,507981644,696201915
M.,Teo,Patel,EcoTechSolutions,Bordeaux,Développement,Développement backend,Développeur,Hugo,Dimitrov,PA48530,10-16-03,543010839,645594187
Mme,Helena,Pereira,EcoTechSolutions,Bordeaux,Service Commercial,Prospection,Commercial,Youssef,Berisha,PA90197,03-26-91,525175566,693330248
Mme,Mila,Pereira,EcoTechSolutions,Bordeaux,Finance et Comptabilité,Service Comptabilité,Comptable,Liam,Rodriguez,PA30790,03-30-78,548040421,732286675
Mme,Greta,Petrov,EcoTechSolutions,Bordeaux,DSI,Exploitation,Technicien d'exploitation,Yara,Tsai,PA85789,02-25-78,531837319,735316654
M.,Leo,Petrov,EcoTechSolutions,Bordeaux,Développement,Analyse et conception,Développeur,Hugo,Dimitrov,PA90614,03-26-07,568939104,752647494
Mme,Mila,Petrov,EcoTechSolutions,Bordeaux,Développement,Développement backend,Développeur,Hugo,Dimitrov,PA69046,05-30-78,561675857,725996399
Mme,Samira,Popescu,EcoTechSolutions,Bordeaux,Direction des Ressources Humaines,Formation,Formateur,Kais,Novak,PA66783,11-30-92,538625196,691508249
Mme,Lia,Prado,EcoTechSolutions,Bordeaux,Développement,Recherche et Prototype,Développeur,Hugo,Dimitrov,PA27339,10-22-98,593783903,657452883
M.,Wassim,Qureshi,EcoTechSolutions,Bordeaux,Service Commercial,Prospection,Commercial,Youssef,Berisha,PA90194,03-11-97,580240361,725285124
Mme,Elina,Rahimi,EcoTechSolutions,Bordeaux,Communication,Gestion des réseaux sociaux,Community manager,Amaya,Gomez,PA68395,10-17-05,511035281,706560943
Mme,Aisha,Rahman,EcoTechSolutions,Bordeaux,Développement,Analyse et conception,Développeur,Hugo,Dimitrov,PA41987,12-05-00,581444847,789950292
M.,Hamza,Rahman,EcoTechSolutions,Bordeaux,Direction des Ressources Humaines,Administration du personnel,Gestionnaire RH,Soraya,Kimura,PA66770,10-18-92,573127804,657183793
M.,Kenzo,Rahman,EcoTechSolutions,Bordeaux,Développement,Développement fronted,Développeur,Hugo,Dimitrov,PA69059,05-09-90,533765657,631791669
Mme,Sana,Rahman,EcoTechSolutions,Bordeaux,Service Commercial,Prospection,Commercial,Youssef,Berisha,PA90191,10-25-83,582805437,685015790
M.,Ismail,Rahmani,EcoTechSolutions,Bordeaux,Développement,Développement backend,Développeur,Hugo,Dimitrov,PA69043,06-03-86,574009943,647974801
M.,Mohamed,Rahmani,EcoTechSolutions,Bordeaux,DSI,Exploitation,Technicien d'exploitation,Yara,Tsai,PA85790,04-04-87,560330839,721435052
Mme,Naomi,Rahmani,EcoTechSolutions,Bordeaux,Communication,Communication externe,Attaché de presse,Yassine,Ben Salah,PA68400,01-07-04,578804336,615129028
M.,Nizar,Rajavi,EcoTechSolutions,Bordeaux,Développement,Développement backend,Développeur,Hugo,Dimitrov,PA69049,12-25-97,540286830,704342065
Mme,Sana,Rajavi,EcoTechSolutions,Bordeaux,Développement,Développement fronted,Développeur,Hugo,Dimitrov,PA69089,11-07-80,546664367,770743195
Mme,Chiara,Ramos,EcoTechSolutions,Bordeaux,Service Commercial,Gestion des comptes,Account Manager sud,Ayoub,Ochoa,PA90184,10-11-93,571105344,668450637
M.,Noa,Ramos,UBIHard,Paris,Développement,Tests et qualité,Développeur,Hugo,Dimitrov,-,09-25-79,190401351,670819442
M.,Imran,Rashid,EcoTechSolutions,Bordeaux,Service Commercial,Prospection,Commercial,Youssef,Berisha,PA90196,09-17-86,514492400,745970274
M.,Emir,Rizzo,EcoTechSolutions,Bordeaux,Direction,,Directeur Général,-,,PA12959,09-05-85,521144761,747209285
M.,Chiara,Rodriguez,EcoTechSolutions,Bordeaux,Développement,Développement fronted,Développeur,Hugo,Dimitrov,PA69086,09-04-00,556274023,665466082
M.,Liam,Rodriguez,EcoTechSolutions,Bordeaux,Finance et Comptabilité,,Directeur financier,Emir,Rizzo,PA68867,08-27-97,550830661,614139549
Mme,Lucia,Romano,EcoTechSolutions,Bordeaux,Communication,Relation Médias,Chargée relation presse,Amaya,Gomez,PA68387,01-07-01,592945254,754927345
Mme,Tessa,Romano,EcoTechSolutions,Bordeaux,Développement,Développement fronted,Développeur,Hugo,Dimitrov,PA69073,06-10-01,576998853,765567898
M.,Oscar,Rossi,EcoTechSolutions,Bordeaux,Communication,Communication interne,Chargé de communication,Yassine,Ben Salah,PA10218,06-17-93,510987654,707561174
M.,Ismail,Saidi,EcoTechSolutions,Bordeaux,Communication,Communication externe,Attaché de presse,Yassine,Ben Salah,PA68401,04-02-96,508700601,670226412
Mme,Maya,Santiago,EcoTechSolutions,Bordeaux,Service Commercial,Gestion des comptes,Account Manager Monde,Ayoub,Ochoa,PA90190,09-02-85,556762501,649958233
Mme,Chloé,Sato,EcoTechSolutions,Bordeaux,Finance et Comptabilité,Fiscalité,Controleur de gestion,Liam,Rodriguez,PA31321,05-24-98,582377361,752459822
Mme,Fatima,Sato,EcoTechSolutions,Bordeaux,Développement,Développement fronted,Développeur,Hugo,Dimitrov,PA69062,10-21-99,529858278,619835779
M.,Kai,Sato,EcoTechSolutions,Bordeaux,Direction des Ressources Humaines,Administration du personnel,Agent RH,Soraya,Kimura,PA66766,10-05-92,542630364,795438585
Mme,Nina,Schaefer,EcoTechSolutions,Bordeaux,Service Commercial,B2B,Commercial,Ayoub,Ochoa,PA12427,04-15-92,510987654,662152312
M.,Ivan,Schmidt,Studio Dlight,Nantes,Communication,Relation Médias,Monteur,Amaya,Gomez,-,-,-,684213048
Mme,Fatima,Schmitt,EcoTechSolutions,Bordeaux,Développement,Développement fronted,Développeur,Hugo,Dimitrov,PA69107,11-12-84,559284808,601636430
M.,Omar,Schneider,EcoTechSolutions,Bordeaux,Communication,Gestion des réseaux sociaux,Community manager,Amaya,Gomez,PA68396,08-14-02,569019882,650302708
M.,Tenzin,Schneider,EcoTechSolutions,Bordeaux,Communication,Événementiel,Chef de projet événement,Amaya,Gomez,PA68390,01-18-95,550060713,665924358
Mme,Amara,Silva,EcoTechSolutions,Bordeaux,Finance et Comptabilité,Finance,Controleur de gestion,Liam,Rodriguez,PA12959,08-15-94,515426783,704921208
Mme,Indira,Singh,EcoTechSolutions,Bordeaux,Développement,Développement fronted,Développeur,Hugo,Dimitrov,PA69056,08-09-01,524835537,601268764
Mme,Lina,Singh,EcoTechSolutions,Bordeaux,Service Commercial,B2B,Commercial,Ayoub,Ochoa,PA90178,03-30-91,594065083,764670482
Mme,Zayd,Slimani,EcoTechSolutions,Bordeaux,Développement,Développement fronted,Développeur,Hugo,Dimitrov,PA69091,03-27-92,588168669,674574057
M.,Rayan,Sousa,EcoTechSolutions,Bordeaux,Communication,Relation Médias,Chargée relation presse,Amaya,Gomez,PA76764,10-08-88,534567890,732836175
M.,Tahar,Sow,EcoTechSolutions,Bordeaux,Direction des Ressources Humaines,Formation,Formateur,Kais,Novak,PA66779,10-17-94,594001842,759206365
Mme,Daria,Stefanović,EcoTechSolutions,Bordeaux,Service Commercial,Prospection,Commercial,Youssef,Berisha,PA90195,11-25-86,537148414,726059828
Mme,Maria,Subramanian,UBIHard,Paris,Développement,Tests et qualité,Développeur,Hugo,Dimitrov,-,06-29-93,185390573,769104463
Mme,Noa,Svensson,EcoTechSolutions,Bordeaux,Développement,Développement fronted,Développeur,Hugo,Dimitrov,PA69108,02-13-89,531310252,600144274
M.,Nizar,Takeda,EcoTechSolutions,Bordeaux,Direction des Ressources Humaines,Gestion des carrières,Gestionnaire RH,Soraya,Kimura,PA66784,08-15-02,516622163,669972122
M.,Leo,Tanaka,EcoTechSolutions,Bordeaux,Direction,,Assistant de direction,Emir,Rizzo,PA75792,12-12-98,558863498,757121520
M.,Ahmed,Torres,EcoTechSolutions,Bordeaux,Développement,Recherche et Prototype,Développeur,Hugo,Dimitrov,PA82471,11-12-95,565476313,689569342
Mme,Célia,Touati,EcoTechSolutions,Bordeaux,Direction,,Assistante de direction,Isadora,Ishikawa,PA75793,09-08-83,598295066,730166786
Mme,Mina,Touati,EcoTechSolutions,Bordeaux,Développement,Développement fronted,Développeur,Hugo,Dimitrov,PA69071,08-27-86,553194956,745801423
M.,Omar,Touati,EcoTechSolutions,Bordeaux,Développement,Développement fronted,Développeur,Hugo,Dimitrov,PA69096,11-05-90,576910690,620033523
M.,Nabil,Touil,EcoTechSolutions,Bordeaux,Service Commercial,Prospection,Commercial,Youssef,Berisha,PA90198,01-18-86,515833125,624943897
M.,Aya,Traoré,EcoTechSolutions,Bordeaux,Développement,Développement fronted,Développeur,Hugo,Dimitrov,PA69080,12-18-83,559814465,673516850
Mme,Yara,Tsai,EcoTechSolutions,Bordeaux,DSI,,Responsable SI,Emir,Rizzo,PA85785,04-20-79,535787382,752825712
M.,Daan,Varela,EcoTechSolutions,Bordeaux,Service Commercial,Service achat,Acheteur,Enzo,Morin,PA16013,12-25-85,543934837,797741075
Mme,Camila,Vasquez,Studio Dlight,Nantes,Communication,Relation Médias,Monteur,Amaya,Gomez,-,-,-,763951953
Mme,Ariana,Vega,EcoTechSolutions,Bordeaux,Service Commercial,Gestion des comptes,Account Manager Monde,Ayoub,Ochoa,PA90188,04-29-83,524740243,649047451
M.,Yassine,Vega,EcoTechSolutions,Bordeaux,Développement,Développement fronted,Développeur,Hugo,Dimitrov,PA69104,04-09-86,501181408,694659492
M.,Leo,Velasquez,EcoTechSolutions,Bordeaux,Développement,Développement fronted,Développeur,Hugo,Dimitrov,PA69098,09-01-01,558672751,786598608
M.,Rami,Velásquez,EcoTechSolutions,Bordeaux,Finance et Comptabilité,Service Comptabilité,Comptable,Liam,Rodriguez,PA68448,06-11-88,541979438,659020328
Mme,Yara,Velásquez,EcoTechSolutions,Bordeaux,Développement,Développement backend,Développeur,Hugo,Dimitrov,PA69042,07-20-84,522840809,627589196
Mme,Tobias,Wang,EcoTechSolutions,Bordeaux,Développement,Développement fronted,Développeur,Hugo,Dimitrov,PA69083,03-14-95,526701212,689788805
M.,Paolo,Weber,EcoTechSolutions,Bordeaux,Communication,Relation Médias,Rédacteur,Amaya,Gomez,PA92969,11-17-92,532109876,655605121
Mme,Lana,Wong,EcoTechSolutions,Bordeaux,Service Commercial,,Directeur commercial,Emir,Rizzo,PA90233,09-01-93,586585331,782262143
Mme,Kenzo,Yamamoto,EcoTechSolutions,Bordeaux,Développement,Analyse et conception,Développeur,Hugo,Dimitrov,PA90619,06-01-04,558468340,735169716
M.,Oussama,Yamamoto,EcoTechSolutions,Bordeaux,Développement,Développement backend,Développeur,Hugo,Dimitrov,PA69039,08-28-01,574660457,689000684
Mme,Tenzin,Yamashita,EcoTechSolutions,Bordeaux,Développement,Développement fronted,Développeur,Hugo,Dimitrov,PA69087,10-03-92,543737709,741031601
M.,Iker,Yilmaz,EcoTechSolutions,Bordeaux,Finance et Comptabilité,Service Comptabilité,Comptable,Liam,Rodriguez,PA68447,09-25-98,591246045,709020328
Mme,Keiko,Zerouali,EcoTechSolutions,Bordeaux,Développement,Développement fronted,Développeur,Hugo,Dimitrov,PA69068,07-23-95,520414760,665960107
M.,Mateo,Zhang,EcoTechSolutions,Bordeaux,DSI,Exploitation,Technicien d'exploitation,Yara,Tsai,PA76820,11-05-00,546085050,711400236
Mme,Leonie,Zhou,EcoTechSolutions,Bordeaux,Direction des Ressources Humaines,Administration du personnel,Agent RH,Soraya,Kimura,PA66775,12-06-85,591787483,716814826
Mme,Mei,Zhou,EcoTechSolutions,Bordeaux,Communication,Événementiel,Chef de projet événement,Amaya,Gomez,PA68391,08-27-81,527668664,657945686
M.,Clara,Ziani,EcoTechSolutions,Bordeaux,Développement,Développement fronted,Développeur,Hugo,Dimitrov,PA69115,12-11-91,582453037,720106403
M.,Hedi,Ziani,EcoTechSolutions,Bordeaux,Développement,Développement fronted,Développeur,Hugo,Dimitrov,PA69055,03-22-87,543765483,715077946
M.,Oussama,Ziani,EcoTechSolutions,Bordeaux,Développement,Développement fronted,Développeur,Hugo,Dimitrov,PA69094,01-11-99,564949647,745312296
M.,Luka,Zimmermann,UBIHard,Paris,Développement,Tests et qualité,Développeur,Hugo,Dimitrov,-,04-04-89,142354068,792166463
