﻿Civilité,Prenom,Nom,Societe,Site,Departement,Service,fonction,Manager-Prenom,Manager-Nom,Nom de PC,Date de naissance,Telephone fixe,Telephone portable
M.,Adil,Abbassi,EcoTechSolutions,Bordeaux,Direction des Ressources Humaines,Formation,Formateur,Kais,Novak,PA66782,12-24-96,0575320119,0751539352
M.,Dina,Abdeslam,EcoTechSolutions,Bordeaux,Développement,Développement fronted,Développeur,Hugo,Dimitrov,PA69117,03-19-85,0582076804,0754379992
Mme,Nora,Abe,EcoTechSolutions,Bordeaux,Finance et Comptabilité,Finance,Analyste financier,Liam,Rodriguez,PA68870,11-05-92,0580539339,0690350755
Mme,Sakura,Abe,EcoTechSolutions,Bordeaux,Développement,Développement backend,Développeur,Hugo,Dimitrov,PA69048,07-29-81,0542264569,0629515805
M.,Zakariya,Aït-Saïd,EcoTechSolutions,Bordeaux,Service Commercial,Gestion des comptes,Account Manager Est,Ayoub,Ochoa,PA90183,12-17-95,0533423039,0705781575
M.,Ali,Al-Khalil,EcoTechSolutions,Bordeaux,Communication,Relation Médias,Chargée relation presse,Amaya,Gomez,PA68388,08-10-99,0504643002,0754169972
M.,Sami,Al-Khalil,EcoTechSolutions,Bordeaux,Service Commercial,B2B,Commercial,Ayoub,Ochoa,PA90177,04-29-99,0549018694,0730998954
Mme,Ali,Ali,EcoTechSolutions,Bordeaux,Développement,Développement fronted,Développeur,Hugo,Dimitrov,PA69085,03-08-85,0554456171,0609964479
M.,Alicia,Amrane,EcoTechSolutions,Bordeaux,Développement,Développement fronted,Développeur,Hugo,Dimitrov,PA69113,02-14-02,0580601146,0763449946
M.,Bilal,Amrani,EcoTechSolutions,Bordeaux,Développement,Développement mobile,Développeur,Hugo,Dimitrov,PA69123,07-28-80,0571283181,0629056832
Mme,Soraya,Amrani,EcoTechSolutions,Bordeaux,Développement,Développement fronted,Développeur,Hugo,Dimitrov,PA69069,12-21-95,0568072545,0731463548
Mme,Elif,Andersen,EcoTechSolutions,Bordeaux,Finance et Comptabilité,Fiscalité,Conseiller en fiscalité,Liam,Rodriguez,PA31320,08-21-01,0565675635,0690181131
Mme,Zahra,Andersen,EcoTechSolutions,Bordeaux,Communication,Relation Médias,Rédacteur,Amaya,Gomez,PA68414,08-22-01,0552752241,0689516690
M.,Khaled,Andersson,EcoTechSolutions,Bordeaux,Développement,Développement fronted,Développeur,Hugo,Dimitrov,PA69092,07-25-95,0587301516,0685540382
M.,Hedi,Azzouz,EcoTechSolutions,Bordeaux,Communication,Relation Médias,Rédacteur,Amaya,Gomez,PA68411,10-19-82,0580541143,0734964449
M.,Adel,Bakir,EcoTechSolutions,Bordeaux,Direction,,Directeur adjoint,Emir,Rizzo,PA75795,02-08-95,0506817361,0613117291
M.,Khaled,Bakir,EcoTechSolutions,Bordeaux,Développement,Développement backend,Développeur,Hugo,Dimitrov,PA69051,10-26-91,0521722982,0742457942
Mme,Layla,Bakir,EcoTechSolutions,Bordeaux,Développement,Analyse et conception,Développeur,Hugo,Dimitrov,PA90615,07-26-84,0511787046,0627613053
M.,Malik,Belhadj,EcoTechSolutions,Bordeaux,Direction des Ressources Humaines,Recrutement,Agent RH,Soraya,Kimura,PA20619,09-22-95,0594297686,0621352100
M.,Yasmine,Belmokhtar,EcoTechSolutions,Bordeaux,Développement,Développement fronted,Développeur,Hugo,Dimitrov,PA69109,05-23-83,0538262259,0627492218
M.,Raouf,Ben Amar,EcoTechSolutions,Bordeaux,Développement,Analyse et conception,Développeur,Hugo,Dimitrov,PA90618,04-13-83,0580255055,0736820615
M.,Tahar,Ben Saïd,EcoTechSolutions,Bordeaux,Développement,Développement fronted,Développeur,Hugo,Dimitrov,PA69074,10-01-89,0508461288,0757567403
M.,Farid,Ben Salah,EcoTechSolutions,Bordeaux,DSI,Exploitation,Technicien d'exploitation,Yara,Tsai,PA85786,06-28-83,0536800870,0619768244
M.,Yassine,Ben Salah,EcoTechSolutions,Bordeaux,Communication,,Responsable communication,Wassim,Ibrahimovic,PA68394,12-03-93,0516225557,0746775406
M.,Tahar,Ben Youssef,EcoTechSolutions,Bordeaux,Communication,Relation Médias,Chargée relation presse,Amaya,Gomez,PA68386,07-25-94,0503446393,0775310960
M.,Zakaria,Ben Youssef,EcoTechSolutions,Bordeaux,Direction des Ressources Humaines,Administration du personnel,Agent RH,Soraya,Kimura,PA66774,12-10-01,0582915286,0678031519
M.,Houssem,Benali,EcoTechSolutions,Bordeaux,Direction des Ressources Humaines,Formation,Formateur,Kais,Novak,PA66781,07-11-86,0512799110,0707038865
M.,Celia,Benguigui,EcoTechSolutions,Bordeaux,Développement,Développement fronted,Développeur,Hugo,Dimitrov,PA69119,01-23-83,0514744893,0633513427
M.,Mateo,Benitez,EcoTechSolutions,Bordeaux,Développement,Développement fronted,Développeur,Hugo,Dimitrov,PA69102,06-23-90,0507023351,0747678849
M.,Fouad,Bensalem,EcoTechSolutions,Bordeaux,Service Commercial,Gestion des comptes,Account Manager Monde,Ayoub,Ochoa,PA90187,06-17-95,0508916093,0609530569
Mme,Indira,Benzema,EcoTechSolutions,Bordeaux,Communication,Communication externe,Attaché de presse,Yassine,Ben Salah,PA68402,10-24-98,0518483082,0716843840
M.,Kaïs,Benzema,EcoTechSolutions,Bordeaux,Direction des Ressources Humaines,Administration du personnel,Gestionnaire RH,Soraya,Kimura,PA66768,10-21-92,0540844892,0677725372
Mme,Layla,Benzema,EcoTechSolutions,Bordeaux,Direction des Ressources Humaines,Formation,Formateur,Kais,Novak,PA66778,03-12-87,0556135451,0651152927
M.,Tobias,Berisha,EcoTechSolutions,Bordeaux,Développement,Développement fronted,Développeur,Hugo,Dimitrov,PA69063,03-23-86,0557140797,0647122370
M.,Youssef,Berisha,EcoTechSolutions,Bordeaux,Service Commercial,,Responsable Prospection,Lana,Wong,PA79818,05-07-80,0550972202,0606969819
Mme,Salma,Bianchi,EcoTechSolutions,Bordeaux,Direction des Ressources Humaines,Recrutement,Responsable recrutement,Soraya,Kimura,PA20618,12-26-80,0534719974,0650967336
Mme,Yara,Bianchi,EcoTechSolutions,Bordeaux,Développement,Développement fronted,Développeur,Hugo,Dimitrov,PA69105,02-04-84,0572612616,0739924357
M.,Tayeb,Boucenna,EcoTechSolutions,Bordeaux,Communication,Communication externe,Chargé de communication,Yassine,Ben Salah,PA68409,04-12-97,0530790436,0713430879
M.,Selim,Boukhalfa,EcoTechSolutions,Bordeaux,Service Commercial,Gestion des comptes,Account Manager Monde,Ayoub,Ochoa,PA90189,04-11-89,0552256735,0614423881
Mme,Mira,Boukhris,EcoTechSolutions,Bordeaux,Développement,Développement fronted,Développeur,Hugo,Dimitrov,PA69101,01-14-81,0572287760,0784984812
M.,Amir,Boussaid,EcoTechSolutions,Bordeaux,Communication,Communication externe,Attaché de presse,Yassine,Ben Salah,PA68403,01-09-86,0502733363,0617097066
M.,Lina,Bouziane,EcoTechSolutions,Bordeaux,Développement,Développement fronted,Développeur,Hugo,Dimitrov,PA69111,07-04-91,0549958039,0619738848
M.,Arvid,Carvalho,EcoTechSolutions,Bordeaux,Développement,Développement backend,Développeur,Hugo,Dimitrov,PA69053,11-19-92,0558547096,0722934589
M.,Houssem,Carvalho,EcoTechSolutions,Bordeaux,Service Commercial,B2B,Commercial,Ayoub,Ochoa,PA90179,01-25-85,0563881444,0634420250
M.,Idriss,Cherif,EcoTechSolutions,Bordeaux,Service Commercial,B2B,Commercial,Ayoub,Ochoa,PA90181,08-26-88,0520113372,0629709697
M.,Yassir,Chettouh,EcoTechSolutions,Bordeaux,Communication,Relation Médias,Rédacteur,Amaya,Gomez,PA68413,11-22-21,0530881211,0718630944
Mme,Oualid,Correia,EcoTechSolutions,Bordeaux,Développement,Développement fronted,Développeur,Hugo,Dimitrov,PA69114,08-06-79,0512070245,0694895404
Mme,Elisa,Costa,EcoTechSolutions,Bordeaux,Communication,Communication externe,Chargé de communication,Yassine,Ben Salah,PA68406,02-01-99,0557284079,0756367380
Mme,Tara,Costa,EcoTechSolutions,Bordeaux,Finance et Comptabilité,Service Comptabilité,Comptable,Liam,Rodriguez,PA56314,06-13-95,0539056813,0739772240
Mme,Lucie,Da Silva,EcoTechSolutions,Bordeaux,Communication,Communication externe,Attaché de presse,Yassine,Ben Salah,PA68404,02-24-82,0565888769,0642725379
M.,Mateo,Dahl,EcoTechSolutions,Bordeaux,Développement,Développement fronted,Développeur,Hugo,Dimitrov,PA69065,12-05-85,0568230327,0789022918
Mme,Zahra,Dahl,EcoTechSolutions,Bordeaux,Développement,Développement fronted,Développeur,Hugo,Dimitrov,PA69075,08-08-90,0565902651,0640404230
Mme,Célia,De la Cruz,EcoTechSolutions,Bordeaux,Développement,Recherche et Prototype,Développeur,Hugo,Dimitrov,PA82473,12-07-89,0568628611,0608209508
Mme,Tina,Demir,EcoTechSolutions,Bordeaux,Service Commercial,ADV,Gestionnaire ADV,Amir,Gómez,PA64810,01-07-81,0587654321,0621673896  
Mme,Fares,Dias,EcoTechSolutions,Bordeaux,Développement,Développement fronted,Développeur,Hugo,Dimitrov,PA69116,11-28-90,0596996174,0710081240
M.,Hugo,Dimitrov,EcoTechSolutions,Bordeaux,Développement,,Directeur Développement,Emir,Rizzo,PA93655,03-28-85,0534265628,0708540550
Mme,Olga,Dimitrova,EcoTechSolutions,Bordeaux,Service Commercial,Prospection,Commercial,Youssef,Berisha,PA90199,03-03-02,0539874714,0721677265
Mme,Nina,Dobrev,EcoTechSolutions,Bordeaux,Communication,Événementiel,Chef de projet événement,Amaya,Gomez,PA68393,10-09-02,0500483037,0717402561
Mme,Priya,Dobrev,EcoTechSolutions,Bordeaux,Direction des Ressources Humaines,Administration du personnel,Agent RH,Soraya,Kimura,PA66773,02-28-82,0550011176,0686104109
Mme,Cleo,Dupont,EcoTechSolutions,Bordeaux,Communication,Communication interne,Community manager,Yassine,Ben Salah,PA19149,05-14-89,0556789012,0736672209  
Mme,Chiara,Dupuis,EcoTechSolutions,Bordeaux,Direction des Ressources Humaines,Formation,Formateur,Kais,Novak,PA66780,11-22-82,0503588319,0765413509
Mme,Aria,Ekström,EcoTechSolutions,Bordeaux,Service Commercial,ADV,Gestionnaire ADV,Amir,Gómez,PA46917,05-25-98,0540987654,0739063477  
Mme,Lamia,El-Ghazali,EcoTechSolutions,Bordeaux,Développement,Développement fronted,Développeur,Hugo,Dimitrov,PA69060,06-07-78,0561840744,0790774458
M.,Mateo,El-Ghazali,EcoTechSolutions,Bordeaux,Développement,Analyse et conception,Développeur,Hugo,Dimitrov,PA90616,07-29-80,0530774125,0762396379
M.,Brahim,El-Mahdi,EcoTechSolutions,Bordeaux,Communication,Communication externe,Chargé de communication,Yassine,Ben Salah,PA68407,10-08-86,0564793027,0604939773
Mme,Adem,Farid,EcoTechSolutions,Bordeaux,Développement,Développement fronted,Développeur,Hugo,Dimitrov,PA69079,03-24-88,0576975329,0653187858
M.,Karim,Farouk,EcoTechSolutions,Bordeaux,Direction des Ressources Humaines,Administration du personnel,Gestionnaire RH,Soraya,Kimura,PA66772,12-16-99,0553708065,0796090098
M.,Rami,Farouk,EcoTechSolutions,Bordeaux,Communication,Événementiel,Chef de projet événement,Amaya,Gomez,PA68392,10-26-01,0573296069,0685096131
M.,Walid,Fernandez,EcoTechSolutions,Bordeaux,Développement,Développement fronted,Développeur,Hugo,Dimitrov,PA69106,04-25-94,0582808968,0621447826
Mme,Zara,Fernandez,UBIHard,Paris,Développement,Tests et qualité,Développeur,Hugo,Dimitrov,-,06-04-02,0115149120,0761849173
Mme,Mehdi,Ferreira,EcoTechSolutions,Bordeaux,Développement,Développement fronted,Développeur,Hugo,Dimitrov,PA69118,12-29-96,0572806093,0788340303
Mme,Akiko,Fischer,EcoTechSolutions,Bordeaux,Finance et Comptabilité,Finance,Controleur de gestion,Liam,Rodriguez,PA68868,06-04-95,0577873195,0772910626
M.,Alexis,Fischer,EcoTechSolutions,Bordeaux,Finance et Comptabilité,Finance,Controleur de gestion,Liam,Rodriguez,PA57512,10-21-88,0544775759,0699366267
Mme,Chiara,Fischer,EcoTechSolutions,Bordeaux,Développement,Développement backend,Développeur,Hugo,Dimitrov,PA69038,11-18-87,0565445166,0601851451
Mme,Isidora,Fontaine,EcoTechSolutions,Bordeaux,Communication,Relation Médias,Rédacteur,Amaya,Gomez,PA68412,10-08-98,0582677934,0709554542
Mme,Nassim,Fuentes,EcoTechSolutions,Bordeaux,Développement,Recherche et Prototype,Développeur,Hugo,Dimitrov,PA82475,11-04-92,0557923820,0732309361
M.,Anika,Garcia,EcoTechSolutions,Bordeaux,Développement,Développement fronted,Développeur,Hugo,Dimitrov,PA69084,09-27-91,0576543210,0710630503  
M.,Boris,Garcia,EcoTechSolutions,Bordeaux,Communication,Communication interne,Community manager,Yassine,Ben Salah,PA11094,01-01-91,0557736529,0625067389
Mme,Amaya,Gomez,EcoTechSolutions,Bordeaux,Communication,,Responsable Médias,Wassim,Ibrahimovic,PA68397,04-26-82,0582138883,0767925899
M.,Zayd,Gomez,EcoTechSolutions,Bordeaux,Développement,Développement mobile,Développeur,Hugo,Dimitrov,PA69125,04-21-89,0505689902,0752842080
M.,Amir,Gómez,EcoTechSolutions,Bordeaux,Service Commercial,,Responsable ADV,Lana,Wong,PA16564,07-21-80,0512345678,0697336293  
Mme,Alba,Gonzalez,EcoTechSolutions,Bordeaux,Service Commercial,B2B,Commercial,Ayoub,Ochoa,PA90180,09-23-94,0550030374,0622571017
Mme,Fatima,Gonzalez,EcoTechSolutions,Bordeaux,Développement,Analyse et conception,Développeur,Hugo,Dimitrov,PA90617,08-25-95,0526530588,0724960703
Mme,Zahra,Gonzalez,EcoTechSolutions,Bordeaux,Développement,Développement fronted,Développeur,Hugo,Dimitrov,PA69064,11-04-88,0510208105,0724597846
M.,Bilel,Guedj,EcoTechSolutions,Bordeaux,Développement,Recherche et Prototype,Développeur,Hugo,Dimitrov,PA82477,04-01-88,0544863210,0625139164
Mme,Yassine,Habib,EcoTechSolutions,Bordeaux,Développement,Développement fronted,Développeur,Hugo,Dimitrov,PA69081,10-05-02,0521987889,0666153553
M.,Adem,Habibi,EcoTechSolutions,Bordeaux,Développement,Développement mobile,Développeur,Hugo,Dimitrov,PA69121,04-30-90,0518440753,0743528471
M.,Amine,Habibi,EcoTechSolutions,Bordeaux,Développement,Recherche et Prototype,Développeur,Hugo,Dimitrov,PA82472,03-27-00,0506262528,0695566507
M.,Elias,Habibi,EcoTechSolutions,Bordeaux,Développement,Développement fronted,Développeur,Hugo,Dimitrov,PA69076,02-04-79,0591658667,0724996980
Mme,Célia,Hamadi,EcoTechSolutions,Bordeaux,Service Commercial,Prospection,Commercial,Youssef,Berisha,PA90192,01-28-95,0598620984,0719615638
Mme,Sana,Hamadi,EcoTechSolutions,Bordeaux,Développement,Développement fronted,Développeur,Hugo,Dimitrov,PA69066,10-16-89,0513678895,0705824555
M.,Rayane,Hamrouni,EcoTechSolutions,Bordeaux,Communication,Communication externe,Chargé de communication,Yassine,Ben Salah,PA68405,04-15-01,0543237396,0657675917
M.,Kamel,Hamzaoui,EcoTechSolutions,Bordeaux,Développement,Recherche et Prototype,Développeur,Hugo,Dimitrov,PA82479,07-29-81,0589749259,0708246187
M.,Bilal,Hassan,EcoTechSolutions,Bordeaux,Développement,Développement fronted,Développeur,Hugo,Dimitrov,PA69090,09-07-96,0574527610,0621785748
Mme,Gita,Hassania,EcoTechSolutions,Bordeaux,Service Commercial,B2B,Commercial,Ayoub,Ochoa,PA82880,08-18-91,0534567890,0655939808  
M.,Sakura,Hernandez,EcoTechSolutions,Bordeaux,Communication,Gestion des réseaux sociaux,Social media manager,Amaya,Gomez,PA68399,04-08-91,0525993955,0747444472
M.,Val,Hernandez,EcoTechSolutions,Bordeaux,Service Commercial,Service Client,Agent,Enzo,Morin,PA39395,03-21-94,0533085107,0747298724
Mme,Petra,Hoàng,EcoTechSolutions,Bordeaux,Développement,Développement backend,Développeur,Hugo,Dimitrov,PA90620,12-04-91,0559691031,0657598646
M.,Wassim,Ibrahimovic,EcoTechSolutions,Bordeaux,Communication,,Directeur Communication et Relations publiques,Emir,Rizzo,PA68385,11-14-94,0567890123,0628752957  
Mme,Aya,Ishikawa,EcoTechSolutions,Bordeaux,Développement,Développement backend,Développeur,Hugo,Dimitrov,PA69044,02-28-91,0535628667,0751583887
Mme,Isadora,Ishikawa,EcoTechSolutions,Bordeaux,Direction,,Responsable stratégie,Emir,Rizzo,PA75796,10-20-01,0546287589,0796605753
Mme,Carmen,Ivanov,EcoTechSolutions,Bordeaux,Développement,Analyse et conception,Développeur,Hugo,Dimitrov,PA90613,02-25-91,0589104085,0676794851
Mme,Dahlia,Ivanov,EcoTechSolutions,Bordeaux,Finance et Comptabilité,Service Comptabilité,Comptable,Liam,Rodriguez,PA68449,09-11-94,0577653988,0757149969
Mme,Naomi,Ivanov,EcoTechSolutions,Bordeaux,Développement,Développement backend,Développeur,Hugo,Dimitrov,PA69052,07-15-02,0509385561,0692850242
M.,Sofiane,Jaziri,EcoTechSolutions,Bordeaux,Service Commercial,Prospection,Commercial,Youssef,Berisha,PA90200,12-29-91,0516613916,0620852808
M.,David,Johansson,EcoTechSolutions,Bordeaux,Service Commercial,ADV,Gestionnaire ADV,Amir,Gómez,PA16353,03-23-00,0512345678,0763236659  
M.,Leo,Karam,EcoTechSolutions,Bordeaux,Développement,Développement backend,Développeur,Hugo,Dimitrov,PA69041,05-29-01,0545885392,0776883926
M.,Tariq,Karam,EcoTechSolutions,Bordeaux,Finance et Comptabilité,Service Comptabilité,Comptable,Liam,Rodriguez,PA68450,11-17-89,0542877605,0752086648
M.,Gôrreck,Khan,EcoTechSolutions,Bordeaux,Service Commercial,B2B,Commercial,Ayoub,Ochoa,PA90176,02-23-87,0510987654,0799413599  
M.,Dario,Kim,EcoTechSolutions,Bordeaux,Finance et Comptabilité,Finance,Analyste financier,Liam,Rodriguez,PA34551,04-12-97,0552308696,0623126253
Mme,Soraya,Kimura,EcoTechSolutions,Bordeaux,Direction des Ressources Humaines,,Responsable du personnel,Rina,Nakamura,PA66776,02-18-99,0592787328,0625405176
Mme,Gisèle,Klein,EcoTechSolutions,Bordeaux,Service Commercial,Gestion des comptes,Account Manager IDF,Ayoub,Ochoa,PA90186,02-08-95,0506604600,0711534321
Mme,Layla,Klein,EcoTechSolutions,Bordeaux,Développement,Développement mobile,Développeur,Hugo,Dimitrov,PA69122,04-04-01,0583375939,0637894461
Mme,Greta,Kobayashi,EcoTechSolutions,Bordeaux,Communication,Événementiel,Chef de projet événement,Amaya,Gomez,PA68389,05-28-00,0551444034,0604125070
Mme,Yumi,Kobayashi,EcoTechSolutions,Bordeaux,DSI,Exploitation,Technicien d'exploitation,Yara,Tsai,PA85787,08-08-80,0501455119,0793589664
Mme,Farah,Kowalski,EcoTechSolutions,Bordeaux,Communication,Relation Médias,Chargée relation presse,Amaya,Gomez,PA99009,11-16-94,0520767555,0732866706
M.,Nassim,Kowalski,EcoTechSolutions,Bordeaux,Communication,Gestion des réseaux sociaux,Social media manager,Amaya,Gomez,PA68398,03-28-03,0587654321,0643567057  
M.,Raouf,Kowalski,EcoTechSolutions,Bordeaux,Développement,Développement fronted,Développeur,Hugo,Dimitrov,PA69061,03-06-93,0509940486,0701363943
Mme,Sasha,Kumar,EcoTechSolutions,Bordeaux,Service Commercial,Service Client,Agent,Enzo,Morin,PA79817,08-24-83,0552451804,0628125914
Mme,Greta,Lam,EcoTechSolutions,Bordeaux,Développement,Développement fronted,Développeur,Hugo,Dimitrov,PA69097,08-29-95,0528239297,0796314157
Mme,Mira,Larsen,EcoTechSolutions,Bordeaux,Développement,Développement mobile,Développeur,Hugo,Dimitrov,PA69124,04-27-81,0515530998,0776425617
M.,Naomi,Larsen,EcoTechSolutions,Bordeaux,Développement,Recherche et Prototype,Développeur,Hugo,Dimitrov,PA82474,06-21-90,0555844987,0670768275
M.,Marwan,Leclerc,EcoTechSolutions,Bordeaux,DSI,Exploitation,Technicien d'exploitation,Yara,Tsai,PA21577,06-23-00,0568494478,0681633586
M.,Elias,Lemoine,EcoTechSolutions,Bordeaux,Développement,Développement backend,Développeur,Hugo,Dimitrov,PA69045,03-09-79,0550396977,0725010100
M.,Ismael,Lemoine,EcoTechSolutions,Bordeaux,DSI,Exploitation,Technicien d'exploitation,Yara,Tsai,PA85788,03-01-94,0584729052,0631737551
M.,Amine,Levi,EcoTechSolutions,Bordeaux,Direction,,Assistant de direction,Adel,Bakir,PA75794,07-31-86,0526973126,0677087041
M.,Kais,Levi,EcoTechSolutions,Bordeaux,Service Commercial,Prospection,Commercial,Youssef,Berisha,PA90193,10-20-00,0512674108,0673103843
Mme,Jana,Liu,EcoTechSolutions,Bordeaux,Direction des Ressources Humaines,Administration du personnel,Agent RH,Soraya,Kimura,PA31784,10-31-90,0573146845,0714509230
Mme,Sofia,Lombardi,EcoTechSolutions,Bordeaux,Service Commercial,Gestion des comptes,Account Manager Nord,Ayoub,Ochoa,PA90182,12-05-97,0561846179,0605815816
Mme,Mia,Lopez,EcoTechSolutions,Bordeaux,Développement,Développement backend,Développeur,Hugo,Dimitrov,PA69037,06-18-96,0528995123,0743204742
Mme,Nael,Marquez,EcoTechSolutions,Bordeaux,Développement,Développement fronted,Développeur,Hugo,Dimitrov,PA69112,10-19-01,0565680229,0743702406
Mme,Marina,Martinez,EcoTechSolutions,Bordeaux,Service Commercial,Prospection,Commercial,Youssef,Berisha,PA90201,02-28-02,0588754164,0618221826
Mme,Lina,Matsuda,EcoTechSolutions,Bordeaux,Développement,Développement fronted,Développeur,Hugo,Dimitrov,PA69103,04-12-00,0541131306,0790062786
Mme,Mira,Matsuda,EcoTechSolutions,Bordeaux,Développement,Développement fronted,Développeur,Hugo,Dimitrov,PA69077,10-31-80,0527143617,0780901290
M.,Nassim,Matsuda,EcoTechSolutions,Bordeaux,Développement,Développement fronted,Développeur,Hugo,Dimitrov,PA69067,04-22-95,0530355920,0689043287
M.,Nizar,Matsuda,EcoTechSolutions,Bordeaux,Développement,Développement fronted,Développeur,Hugo,Dimitrov,PA69070,05-29-86,0558621640,0758767120
M.,Rami,Meier,EcoTechSolutions,Bordeaux,Service Commercial,B2B,Commercial,Ayoub,Ochoa,PA44614,12-14-98,0510987654,0703432899  
M.,Jawad,Mekki,EcoTechSolutions,Bordeaux,Service Commercial,Gestion des comptes,Account Manager Ouest,Ayoub,Ochoa,PA90185,10-22-93,0554680160,0742750565
Mme,Amina,Mendoza,EcoTechSolutions,Bordeaux,Développement,Développement backend,Développeur,Hugo,Dimitrov,PA69050,07-02-84,0514839525,0676001123
M.,Bilal,Mendoza,EcoTechSolutions,Bordeaux,Finance et Comptabilité,Finance,Controleur de gestion,Liam,Rodriguez,PA68869,07-07-80,0542110363,0708892353
M.,Kenzo,Mendoza,EcoTechSolutions,Bordeaux,Développement,Recherche et Prototype,Développeur,Hugo,Dimitrov,PA82476,07-05-87,0522682861,0766790688
Mme,Hichem,Meunier,EcoTechSolutions,Bordeaux,Développement,Développement fronted,Développeur,Hugo,Dimitrov,PA69110,03-06-99,0517693166,0670136453
M.,Mounir,Mohamed,EcoTechSolutions,Bordeaux,Finance et Comptabilité,Finance,Controleur de gestion,Liam,Rodriguez,PA68871,07-02-86,0587397053,0691250889
Mme,Salma,Mohamed,EcoTechSolutions,Bordeaux,Développement,Développement backend,Développeur,Hugo,Dimitrov,PA69054,07-14-79,0513232544,0603358884
Mme,Elina,Morales,EcoTechSolutions,Bordeaux,Direction des Ressources Humaines,Gestion des carrières,Gestionnaire RH,Soraya,Kimura,PA66785,03-13-98,0528666160,0708351179
Mme,Anika,Morel,EcoTechSolutions,Bordeaux,Développement,Développement backend,Développeur,Hugo,Dimitrov,PA69040,08-09-95,0597150436,0708753874
Mme,Lucia,Morel,EcoTechSolutions,Bordeaux,DSI,Exploitation,Technicien d'exploitation,Yara,Tsai,PA85791,11-20-89,0568154898,0788663439
M.,Rami,Moreno,EcoTechSolutions,Bordeaux,Développement,Développement fronted,Développeur,Hugo,Dimitrov,PA69088,11-16-96,0594159983,0671278069
Mme,Soraya,Moreno,EcoTechSolutions,Bordeaux,Direction des Ressources Humaines,Administration du personnel,Gestionnaire RH,Soraya,Kimura,PA66769,11-28-86,0590371530,0648800103
Mme,Anaya,Moretti,EcoTechSolutions,Bordeaux,Direction des Ressources Humaines,Recrutement,Agent RH,Soraya,Kimura,PA20620,12-31-90,0501077762,0732279654
M.,Enzo,Morin,EcoTechSolutions,Bordeaux,Service Commercial,,Responsable achat,Lana,Wong,PA19149,01-15-96,0503707487,0697789045
M.,Diego,Müller,UBIHard,Paris,Développement,Tests et qualité,Développeur,Hugo,Dimitrov,-,03-17-94,0519598682,0636157491
Mme,Helda,Müller,EcoTechSolutions,Bordeaux,Développement,Développement fronted,Développeur,Hugo,Dimitrov,PA69120,08-01-80,0546070425,0728641211
Mme,Mila,Müller,EcoTechSolutions,Bordeaux,Développement,Développement fronted,Développeur,Hugo,Dimitrov,PA69095,06-12-90,0170585358,0684459459
Mme,Lina,Nakamura,EcoTechSolutions,Bordeaux,Développement,Développement fronted,Développeur,Hugo,Dimitrov,PA69058,12-10-81,0569517636,0709286381
Mme,Rina,Nakamura,EcoTechSolutions,Bordeaux,Direction des Ressources Humaines,,Directrice RH,Emir,Rizzo,PA66771,05-29-99,0556938175,0730315116
M.,Walid,Ndiaye,EcoTechSolutions,Bordeaux,Développement,Développement backend,Développeur,Hugo,Dimitrov,PA69047,07-10-83,0539345838,0675345464
M.,Felix,Nguyen,EcoTechSolutions,Bordeaux,Communication,Communication interne,Chargé en droit de la communication,Yassine,Ben Salah,PA88356,03-11-82,0512345678,0747070420  
M.,Mei,Nguyen,EcoTechSolutions,Bordeaux,Développement,Développement fronted,Développeur,Hugo,Dimitrov,PA69082,12-24-02,0552286371,0793444747
M.,Marco,Nikolić,EcoTechSolutions,Bordeaux,Service Commercial,ADV,Gestionnaire ADV,Amir,Gómez,PA37602,04-20-83,0576543210,0606722898  
M.,Kais,Novak,EcoTechSolutions,Bordeaux,Direction des Ressources Humaines,,Responsable formation,Rina,Nakamura,PA66777,05-30-84,0500846696,0764270295
Mme,Mira,Novak,EcoTechSolutions,Bordeaux,Développement,Recherche et Prototype,Développeur,Hugo,Dimitrov,PA82478,07-01-88,0534680782,0771598712
Mme,Lucia,O'Brien,EcoTechSolutions,Bordeaux,Développement,Développement fronted,Développeur,Hugo,Dimitrov,PA69093,08-22-90,0552786882,0660340794
M.,Rami,O'Connor,EcoTechSolutions,Bordeaux,Développement,Développement fronted,Développeur,Hugo,Dimitrov,PA69100,11-27-92,0579648487,0679195229
M.,Ayoub,Ochoa,EcoTechSolutions,Bordeaux,Service Commercial,,Responsable commercial,Lana,Wong,PA79819,11-16-99,0543731838,0639090866
M.,Omar,Ochoa,EcoTechSolutions,Bordeaux,Développement,Développement fronted,Développeur,Hugo,Dimitrov,PA69057,02-18-83,0551977067,0768264631
Mme,Luna,Oliveira,EcoTechSolutions,Bordeaux,Communication,Communication externe,Chargé de communication,Yassine,Ben Salah,PA68408,11-02-00,0552336590,0717351849
Mme,Aya,Orozco,EcoTechSolutions,Bordeaux,Service Commercial,Service achat,Acheteur,Enzo,Morin,PA59874,05-04-91,0585851944,0727746321
M.,Amine,Öztürk,EcoTechSolutions,Bordeaux,Développement,Développement fronted,Développeur,Hugo,Dimitrov,PA69072,02-06-93,0593794103,0604733805
Mme,Elina,Öztürk,EcoTechSolutions,Bordeaux,Direction des Ressources Humaines,Administration du personnel,Gestionnaire RH,Soraya,Kimura,PA66767,05-05-95,0571932738,0704830876
Mme,Aya,Papadopoulos,EcoTechSolutions,Bordeaux,Développement,Développement fronted,Développeur,Hugo,Dimitrov,PA69099,09-16-90,0568981940,0667747390
M.,Nikos,Papadopoulos,UBIHard,Paris,Développement,Tests et qualité,Développeur,Hugo,Dimitrov,-,03-03-92,0103205978,0752656608
M.,Keiko,Patel,EcoTechSolutions,Bordeaux,Développement,Développement fronted,Développeur,Hugo,Dimitrov,PA69078,12-12-89,0543010839,0645594187
M.,Teo,Patel,EcoTechSolutions,Bordeaux,Développement,Développement backend,Développeur,Hugo,Dimitrov,PA48530,10-16-03,0507981644,0696201915
Mme,Helena,Pereira,EcoTechSolutions,Bordeaux,Service Commercial,Prospection,Commercial,Youssef,Berisha,PA90197,03-26-91,0548040421,0732286675
Mme,Mila,Pereira,EcoTechSolutions,Bordeaux,Finance et Comptabilité,Service Comptabilité,Comptable,Liam,Rodriguez,PA30790,03-30-78,0525175566,0693330248
Mme,Greta,Petrov,EcoTechSolutions,Bordeaux,DSI,Exploitation,Technicien d'exploitation,Yara,Tsai,PA85789,02-25-78,0568939104,0752647494
M.,Leo,Petrov,EcoTechSolutions,Bordeaux,Développement,Analyse et conception,Développeur,Hugo,Dimitrov,PA90614,03-26-07,0561675857,0725996399
Mme,Mila,Petrov,EcoTechSolutions,Bordeaux,Développement,Développement backend,Développeur,Hugo,Dimitrov,PA69046,05-30-78,0531837319,0735316654
Mme,Samira,Popescu,EcoTechSolutions,Bordeaux,Direction des Ressources Humaines,Formation,Formateur,Kais,Novak,PA66783,11-30-92,0538625196,0691508249
Mme,Lia,Prado,EcoTechSolutions,Bordeaux,Développement,Recherche et Prototype,Développeur,Hugo,Dimitrov,PA27339,10-22-98,0593783903,0657452883
M.,Wassim,Qureshi,EcoTechSolutions,Bordeaux,Service Commercial,Prospection,Commercial,Youssef,Berisha,PA90194,03-11-97,0580240361,0725285124
Mme,Elina,Rahimi,EcoTechSolutions,Bordeaux,Communication,Gestion des réseaux sociaux,Community manager,Amaya,Gomez,PA68395,10-17-05,0511035281,0706560943
Mme,Aisha,Rahman,EcoTechSolutions,Bordeaux,Développement,Analyse et conception,Développeur,Hugo,Dimitrov,PA41987,12-05-00,0581444847,0789950292
M.,Hamza,Rahman,EcoTechSolutions,Bordeaux,Direction des Ressources Humaines,Administration du personnel,Gestionnaire RH,Soraya,Kimura,PA66770,10-18-92,0533765657,0631791669
M.,Kenzo,Rahman,EcoTechSolutions,Bordeaux,Développement,Développement fronted,Développeur,Hugo,Dimitrov,PA69059,05-09-90,0573127804,0657183793
Mme,Sana,Rahman,EcoTechSolutions,Bordeaux,Service Commercial,Prospection,Commercial,Youssef,Berisha,PA90191,10-25-83,0582805437,0685015790
M.,Ismail,Rahmani,EcoTechSolutions,Bordeaux,Développement,Développement backend,Développeur,Hugo,Dimitrov,PA69043,06-03-86,0578804336,0615129028
M.,Mohamed,Rahmani,EcoTechSolutions,Bordeaux,DSI,Exploitation,Technicien d'exploitation,Yara,Tsai,PA85790,04-04-87,0574009943,0647974801
Mme,Naomi,Rahmani,EcoTechSolutions,Bordeaux,Communication,Communication externe,Attaché de presse,Yassine,Ben Salah,PA68400,01-07-04,0560330839,0721435052
M.,Nizar,Rajavi,EcoTechSolutions,Bordeaux,Développement,Développement backend,Développeur,Hugo,Dimitrov,PA69049,12-25-97,0540286830,0704342065
Mme,Sana,Rajavi,EcoTechSolutions,Bordeaux,Développement,Développement fronted,Développeur,Hugo,Dimitrov,PA69089,11-07-80,0546664367,0770743195
Mme,Chiara,Ramos,EcoTechSolutions,Bordeaux,Service Commercial,Gestion des comptes,Account Manager sud,Ayoub,Ochoa,PA90184,10-11-93,0190401351,0670819442
M.,Noa,Ramos,UBIHard,Paris,Développement,Tests et qualité,Développeur,Hugo,Dimitrov,-,09-25-79,0571105344,0668450637
M.,Imran,Rashid,EcoTechSolutions,Bordeaux,Service Commercial,Prospection,Commercial,Youssef,Berisha,PA90196,09-17-86,0514492400,0745970274
M.,Emir,Rizzo,EcoTechSolutions,Bordeaux,Direction,,Directeur Général,-,,PA12959,09-05-85,0521144761,0747209285
M.,Chiara,Rodriguez,EcoTechSolutions,Bordeaux,Développement,Développement fronted,Développeur,Hugo,Dimitrov,PA69086,09-04-00,0556274023,0665466082
M.,Liam,Rodriguez,EcoTechSolutions,Bordeaux,Finance et Comptabilité,,Directeur financier,Emir,Rizzo,PA68867,08-27-97,0550830661,0614139549
Mme,Lucia,Romano,EcoTechSolutions,Bordeaux,Communication,Relation Médias,Chargée relation presse,Amaya,Gomez,PA68387,01-07-01,0592945254,0754927345
Mme,Tessa,Romano,EcoTechSolutions,Bordeaux,Développement,Développement fronted,Développeur,Hugo,Dimitrov,PA69073,06-10-01,0576998853,0765567898
M.,Oscar,Rossi,EcoTechSolutions,Bordeaux,Communication,Communication interne,Chargé de communication,Yassine,Ben Salah,PA10218,06-17-93,0510987654,0707561174  
M.,Ismail,Saidi,EcoTechSolutions,Bordeaux,Communication,Communication externe,Attaché de presse,Yassine,Ben Salah,PA68401,04-02-96,0508700601,0670226412
Mme,Maya,Santiago,EcoTechSolutions,Bordeaux,Service Commercial,Gestion des comptes,Account Manager Monde,Ayoub,Ochoa,PA90190,09-02-85,0556762501,0649958233
Mme,Chloé,Sato,EcoTechSolutions,Bordeaux,Finance et Comptabilité,Fiscalité,Controleur de gestion,Liam,Rodriguez,PA31321,05-24-98,0529858278,0619835779
Mme,Fatima,Sato,EcoTechSolutions,Bordeaux,Développement,Développement fronted,Développeur,Hugo,Dimitrov,PA69062,10-21-99,0542630364,0795438585
M.,Kai,Sato,EcoTechSolutions,Bordeaux,Direction des Ressources Humaines,Administration du personnel,Agent RH,Soraya,Kimura,PA66766,10-05-92,0582377361,0752459822
Mme,Nina,Schaefer,EcoTechSolutions,Bordeaux,Service Commercial,B2B,Commercial,Ayoub,Ochoa,PA12427,04-15-92,0510987654,0662152312  
M.,Ivan,Schmidt,Studio Dlight,Nantes,Communication,Relation Médias,Monteur,Amaya,Gomez,-,-,-,0684213048
Mme,Fatima,Schmitt,EcoTechSolutions,Bordeaux,Développement,Développement fronted,Développeur,Hugo,Dimitrov,PA69107,11-12-84,0559284808,0601636430
M.,Omar,Schneider,EcoTechSolutions,Bordeaux,Communication,Gestion des réseaux sociaux,Community manager,Amaya,Gomez,PA68396,08-14-02,0550060713,0665924358
M.,Tenzin,Schneider,EcoTechSolutions,Bordeaux,Communication,Événementiel,Chef de projet événement,Amaya,Gomez,PA68390,01-18-95,0569019882,0650302708
Mme,Amara,Silva,EcoTechSolutions,Bordeaux,Finance et Comptabilité,Finance,Controleur de gestion,Liam,Rodriguez,PA12959,08-15-94,0515426783,0704921208
Mme,Indira,Singh,EcoTechSolutions,Bordeaux,Développement,Développement fronted,Développeur,Hugo,Dimitrov,PA69056,08-09-01,0524835537,0601268764
Mme,Lina,Singh,EcoTechSolutions,Bordeaux,Service Commercial,B2B,Commercial,Ayoub,Ochoa,PA90178,03-30-91,0594065083,0764670482
Mme,Zayd,Slimani,EcoTechSolutions,Bordeaux,Développement,Développement fronted,Développeur,Hugo,Dimitrov,PA69091,03-27-92,0588168669,0674574057
M.,Rayan,Sousa,EcoTechSolutions,Bordeaux,Communication,Relation Médias,Chargée relation presse,Amaya,Gomez,PA76764,10-08-88,0534567890,0732836175  
M.,Tahar,Sow,EcoTechSolutions,Bordeaux,Direction des Ressources Humaines,Formation,Formateur,Kais,Novak,PA66779,10-17-94,0594001842,0759206365
Mme,Daria,Stefanović,EcoTechSolutions,Bordeaux,Service Commercial,Prospection,Commercial,Youssef,Berisha,PA90195,11-25-86,0537148414,0726059828
Mme,Maria,Subramanian,UBIHard,Paris,Développement,Tests et qualité,Développeur,Hugo,Dimitrov,-,06-29-93,0185390573,0769104463
Mme,Noa,Svensson,EcoTechSolutions,Bordeaux,Développement,Développement fronted,Développeur,Hugo,Dimitrov,PA69108,02-13-89,0531310252,0600144274
M.,Nizar,Takeda,EcoTechSolutions,Bordeaux,Direction des Ressources Humaines,Gestion des carrières,Gestionnaire RH,Soraya,Kimura,PA66784,08-15-02,0516622163,0669972122
M.,Leo,Tanaka,EcoTechSolutions,Bordeaux,Direction,,Assistant de direction,Emir,Rizzo,PA75792,12-12-98,0558863498,0757121520
M.,Ahmed,Torres,EcoTechSolutions,Bordeaux,Développement,Recherche et Prototype,Développeur,Hugo,Dimitrov,PA82471,11-12-95,0565476313,0689569342
Mme,Célia,Touati,EcoTechSolutions,Bordeaux,Direction,,Assistante de direction,Isadora,Ishikawa,PA75793,09-08-83,0553194956,0745801423
Mme,Mina,Touati,EcoTechSolutions,Bordeaux,Développement,Développement fronted,Développeur,Hugo,Dimitrov,PA69071,08-27-86,0576910690,0620033523
M.,Omar,Touati,EcoTechSolutions,Bordeaux,Développement,Développement fronted,Développeur,Hugo,Dimitrov,PA69096,11-05-90,0598295066,0730166786
M.,Nabil,Touil,EcoTechSolutions,Bordeaux,Service Commercial,Prospection,Commercial,Youssef,Berisha,PA90198,01-18-86,0515833125,0624943897
M.,Aya,Traoré,EcoTechSolutions,Bordeaux,Développement,Développement fronted,Développeur,Hugo,Dimitrov,PA69080,12-18-83,0559814465,0673516850
Mme,Yara,Tsai,EcoTechSolutions,Bordeaux,DSI,,Responsable SI,Emir,Rizzo,PA85785,04-20-79,0535787382,0752825712
M.,Daan,Varela,EcoTechSolutions,Bordeaux,Service Commercial,Service achat,Acheteur,Enzo,Morin,PA16013,12-25-85,0543934837,0797741075
Mme,Camila,Vasquez,Studio Dlight,Nantes,Communication,Relation Médias,Monteur,Amaya,Gomez,-,-,-,0763951953
Mme,Ariana,Vega,EcoTechSolutions,Bordeaux,Service Commercial,Gestion des comptes,Account Manager Monde,Ayoub,Ochoa,PA90188,04-29-83,0501181408,0694659492
M.,Yassine,Vega,EcoTechSolutions,Bordeaux,Développement,Développement fronted,Développeur,Hugo,Dimitrov,PA69104,04-09-86,0524740243,0649047451
M.,Leo,Velasquez,EcoTechSolutions,Bordeaux,Développement,Développement fronted,Développeur,Hugo,Dimitrov,PA69098,09-01-01,0558672751,0786598608
M.,Rami,Velásquez,EcoTechSolutions,Bordeaux,Finance et Comptabilité,Service Comptabilité,Comptable,Liam,Rodriguez,PA68448,06-11-88,0522840809,0627589196
Mme,Yara,Velásquez,EcoTechSolutions,Bordeaux,Développement,Développement backend,Développeur,Hugo,Dimitrov,PA69042,07-20-84,0541979438,0659020328
Mme,Tobias,Wang,EcoTechSolutions,Bordeaux,Développement,Développement fronted,Développeur,Hugo,Dimitrov,PA69083,03-14-95,0526701212,0689788805
M.,Paolo,Weber,EcoTechSolutions,Bordeaux,Communication,Relation Médias,Rédacteur,Amaya,Gomez,PA92969,11-17-92,0532109876,0655605121  
Mme,Lana,Wong,EcoTechSolutions,Bordeaux,Service Commercial,,Directeur commercial,Emir,Rizzo,PA90233,09-01-93,0586585331,0782262143
Mme,Kenzo,Yamamoto,EcoTechSolutions,Bordeaux,Développement,Analyse et conception,Développeur,Hugo,Dimitrov,PA90619,06-01-04,0558468340,0735169716
M.,Oussama,Yamamoto,EcoTechSolutions,Bordeaux,Développement,Développement backend,Développeur,Hugo,Dimitrov,PA69039,08-28-01,0574660457,0689000684
Mme,Tenzin,Yamashita,EcoTechSolutions,Bordeaux,Développement,Développement fronted,Développeur,Hugo,Dimitrov,PA69087,10-03-92,0543737709,0741031601
M.,Iker,Yilmaz,EcoTechSolutions,Bordeaux,Finance et Comptabilité,Service Comptabilité,Comptable,Liam,Rodriguez,PA68447,09-25-98,0591246045,0709020328
Mme,Keiko,Zerouali,EcoTechSolutions,Bordeaux,Développement,Développement fronted,Développeur,Hugo,Dimitrov,PA69068,07-23-95,0520414760,0665960107
M.,Mateo,Zhang,EcoTechSolutions,Bordeaux,DSI,Exploitation,Technicien d'exploitation,Yara,Tsai,PA76820,11-05-00,0546085050,0711400236
Mme,Leonie,Zhou,EcoTechSolutions,Bordeaux,Direction des Ressources Humaines,Administration du personnel,Agent RH,Soraya,Kimura,PA66775,12-06-85,0527668664,0657945686
Mme,Mei,Zhou,EcoTechSolutions,Bordeaux,Communication,Événementiel,Chef de projet événement,Amaya,Gomez,PA68391,08-27-81,0591787483,0716814826
M.,Clara,Ziani,EcoTechSolutions,Bordeaux,Développement,Développement fronted,Développeur,Hugo,Dimitrov,PA69115,12-11-91,0582453037,0720106403
M.,Hedi,Ziani,EcoTechSolutions,Bordeaux,Développement,Développement fronted,Développeur,Hugo,Dimitrov,PA69055,03-22-87,0543765483,0715077946
M.,Oussama,Ziani,EcoTechSolutions,Bordeaux,Développement,Développement fronted,Développeur,Hugo,Dimitrov,PA69094,01-11-99,0564949647,0745312296
M.,Luka,Zimmermann,UBIHard,Paris,Développement,Tests et qualité,Développeur,Hugo,Dimitrov,-,04-04-89,0142354068,0792166463
